file_basename	sampling_rate
sub-01_ses-01_task-DriveWithSpeedChange_run-1	2048
sub-02_ses-01_task-DriveWithSpeedChange_run-1	2048
sub-03_ses-01_task-DriveWithSpeedChange_run-1	2048
sub-04_ses-01_task-DriveWithSpeedChange_run-1	2048
sub-05_ses-01_task-DriveWithSpeedChange_run-1	2048
sub-06_ses-01_task-DriveWithSpeedChange_run-1	2048
sub-07_ses-01_task-DriveWithSpeedChange_run-1	2048
sub-08_ses-01_task-DriveWithSpeedChange_run-1	2048
sub-09_ses-01_task-DriveWithSpeedChange_run-1	2048
sub-100_ses-01_task-DriveWithSpeedChange_run-1	1024
sub-101_ses-01_task-DriveWithSpeedChange_run-1	1024
sub-102_ses-01_task-DriveWithSpeedChange_run-1	1024
sub-102_ses-02_task-DriveWithSpeedChange_run-1	1024
sub-103_ses-01_task-DriveWithSpeedChange_run-1	1024
sub-103_ses-02_task-DriveWithSpeedChange_run-1	1024
sub-104_ses-01_task-DriveWithSpeedChange_run-1	1024
sub-105_ses-01_task-DriveWithSpeedChange_run-1	1024
sub-106_ses-01_task-DriveWithSpeedChange_run-1	1024
sub-107_ses-01_task-DriveWithSpeedChange_run-1	1024
sub-108_ses-01_task-DriveWithSpeedChange_run-1	1024
sub-108_ses-02_task-DriveWithSpeedChange_run-1	1024
sub-109_ses-01_task-DriveWithSpeedChange_run-1	1024
sub-10_ses-01_task-DriveWithSpeedChange_run-1	2048
sub-11_ses-01_task-DriveWithSpeedChange_run-1	2048
sub-12_ses-01_task-DriveWithSpeedChange_run-1	2048
sub-13_ses-01_task-DriveWithSpeedChange_run-1	2048
sub-14_ses-01_task-DriveWithSpeedChange_run-1	2048
sub-15_ses-01_task-DriveWithSpeedChange_run-1	2048
sub-16_ses-01_task-DriveWithSpeedChange_run-1	2048
sub-17_ses-01_task-DriveWithSpeedChange_run-1	2048
sub-18_ses-01_task-DriveWithSpeedChange_run-1	2048
sub-19_ses-01_task-DriveWithSpeedChange_run-1	2048
sub-20_ses-01_task-DriveWithSpeedChange_run-1	2048
sub-21_ses-01_task-DriveWithSpeedChange_run-1	2048
sub-22_ses-01_task-DriveWithSpeedChange_run-1	2048
sub-23_ses-01_task-DriveWithSpeedChange_run-1	1024
sub-24_ses-01_task-DriveWithSpeedChange_run-1	1024
sub-25_ses-01_task-DriveWithSpeedChange_run-1	1024
sub-26_ses-01_task-DriveWithSpeedChange_run-1	1024
sub-27_ses-01_task-DriveWithSpeedChange_run-1	1024
sub-28_ses-01_task-DriveWithSpeedChange_run-1	1024
sub-29_ses-01_task-DriveWithSpeedChange_run-1	1024
sub-30_ses-01_task-DriveWithSpeedChange_run-1	1024
sub-31_ses-01_task-DriveWithSpeedChange_run-1	1024
sub-32_ses-01_task-DriveWithSpeedChange_run-1	1024
sub-33_ses-01_task-DriveWithSpeedChange_run-1	1024
sub-34_ses-01_task-DriveWithSpeedChange_run-1	1024
sub-35_ses-01_task-DriveWithSpeedChange_run-1	1024
sub-36_ses-01_task-DriveWithSpeedChange_run-1	1024
sub-37_ses-01_task-DriveWithSpeedChange_run-1	1024
sub-38_ses-01_task-DriveWithSpeedChange_run-1	1024
sub-39_ses-01_task-DriveWithSpeedChange_run-1	1024
sub-40_ses-01_task-DriveWithSpeedChange_run-1	1024
sub-41_ses-01_task-DriveWithSpeedChange_run-1	1024
sub-42_ses-01_task-DriveWithSpeedChange_run-1	1024
sub-43_ses-01_task-DriveWithSpeedChange_run-1	1024
sub-44_ses-01_task-DriveWithSpeedChange_run-1	1024
sub-45_ses-01_task-DriveWithSpeedChange_run-1	1024
sub-46_ses-01_task-DriveWithSpeedChange_run-1	1024
sub-47_ses-01_task-DriveWithSpeedChange_run-1	1024
sub-48_ses-01_task-DriveWithSpeedChange_run-1	1024
sub-49_ses-01_task-DriveWithSpeedChange_run-1	1024
sub-50_ses-01_task-DriveWithSpeedChange_run-1	1024
sub-51_ses-01_task-DriveWithSpeedChange_run-1	1024
sub-52_ses-01_task-DriveWithSpeedChange_run-1	1024
sub-53_ses-01_task-DriveWithSpeedChange_run-1	1024
sub-53_ses-02_task-DriveWithSpeedChange_run-1	1024
sub-54_ses-01_task-DriveWithSpeedChange_run-1	1024
sub-55_ses-01_task-DriveWithSpeedChange_run-1	1024
sub-56_ses-01_task-DriveWithSpeedChange_run-1	1024
sub-57_ses-01_task-DriveWithSpeedChange_run-1	1024
sub-58_ses-01_task-DriveWithSpeedChange_run-1	1024
sub-59_ses-01_task-DriveWithSpeedChange_run-1	1024
sub-59_ses-02_task-DriveWithSpeedChange_run-1	1024
sub-60_ses-01_task-DriveWithSpeedChange_run-1	1024
sub-61_ses-01_task-DriveWithSpeedChange_run-1	1024
sub-62_ses-01_task-DriveWithSpeedChange_run-1	1024
sub-63_ses-01_task-DriveWithSpeedChange_run-1	1024
sub-64_ses-01_task-DriveWithSpeedChange_run-1	1024
sub-65_ses-01_task-DriveWithSpeedChange_run-1	1024
sub-65_ses-02_task-DriveWithSpeedChange_run-1	1024
sub-66_ses-01_task-DriveWithSpeedChange_run-1	1024
sub-67_ses-01_task-DriveWithSpeedChange_run-1	1024
sub-68_ses-01_task-DriveWithSpeedChange_run-1	1024
sub-69_ses-01_task-DriveWithSpeedChange_run-1	1024
sub-70_ses-01_task-DriveWithSpeedChange_run-1	1024
sub-70_ses-02_task-DriveWithSpeedChange_run-1	1024
sub-71_ses-01_task-DriveWithSpeedChange_run-1	1024
sub-72_ses-01_task-DriveWithSpeedChange_run-1	1024
sub-73_ses-01_task-DriveWithSpeedChange_run-1	1024
sub-73_ses-02_task-DriveWithSpeedChange_run-1	1024
sub-74_ses-01_task-DriveWithSpeedChange_run-1	1024
sub-74_ses-02_task-DriveWithSpeedChange_run-1	1024
sub-75_ses-01_task-DriveWithSpeedChange_run-1	1024
sub-75_ses-02_task-DriveWithSpeedChange_run-1	1024
sub-76_ses-01_task-DriveWithSpeedChange_run-1	1024
sub-77_ses-01_task-DriveWithSpeedChange_run-1	1024
sub-77_ses-01_task-DriveWithSpeedChange_run-2	1024
sub-77_ses-02_task-DriveWithSpeedChange_run-1	1024
sub-77_ses-02_task-DriveWithSpeedChange_run-2	1024
sub-78_ses-01_task-DriveWithSpeedChange_run-1	1024
sub-79_ses-01_task-DriveWithSpeedChange_run-1	1024
sub-80_ses-01_task-DriveWithSpeedChange_run-1	1024
sub-81_ses-01_task-DriveWithSpeedChange_run-1	1024
sub-81_ses-02_task-DriveWithSpeedChange_run-1	1024
sub-82_ses-01_task-DriveWithSpeedChange_run-1	1024
sub-83_ses-01_task-DriveWithSpeedChange_run-1	1024
sub-83_ses-01_task-DriveWithSpeedChange_run-2	1024
sub-83_ses-02_task-DriveWithSpeedChange_run-1	1024
sub-84_ses-01_task-DriveWithSpeedChange_run-1	1024
sub-84_ses-02_task-DriveWithSpeedChange_run-1	1024
sub-85_ses-01_task-DriveWithSpeedChange_run-1	1024
sub-86_ses-01_task-DriveWithSpeedChange_run-1	1024
sub-86_ses-02_task-DriveWithSpeedChange_run-1	1024
sub-87_ses-01_task-DriveWithSpeedChange_run-1	1024
sub-88_ses-01_task-DriveWithSpeedChange_run-1	1024
sub-89_ses-01_task-DriveWithSpeedChange_run-1	1024
sub-90_ses-01_task-DriveWithSpeedChange_run-1	1024
sub-91_ses-01_task-DriveWithSpeedChange_run-1	1024
sub-92_ses-01_task-DriveWithSpeedChange_run-1	1024
sub-93_ses-01_task-DriveWithSpeedChange_run-1	1024
sub-93_ses-02_task-DriveWithSpeedChange_run-1	1024
sub-93_ses-03_task-DriveWithSpeedChange_run-1	1024
sub-94_ses-01_task-DriveWithSpeedChange_run-1	1024
sub-95_ses-01_task-DriveWithSpeedChange_run-1	1024
sub-96_ses-01_task-DriveWithSpeedChange_run-1	1024
sub-96_ses-02_task-DriveWithSpeedChange_run-1	1024
sub-97_ses-01_task-DriveWithSpeedChange_run-1	1024
sub-98_ses-01_task-DriveWithSpeedChange_run-1	1024
sub-99_ses-01_task-DriveWithSpeedChange_run-1	1024
sub-99_ses-02_task-DriveWithSpeedChange_run-1	1024
